airline,airline_code,year,month,total_flights,delayed_flights,avg_delay_mins,avg_arr_delay,carrier_delay,weather_delay,nas_delay,late_ac_delay,delay_rate
Alaska Airlines Inc,AS,2019,1,2035,259,2.74,0.5597051597051597,2.0574938574938577,0.23783783783783785,4.568058968058968,2.4776412776412777,0.12727272727272726
Alaska Airlines Inc,AS,2019,2,1857,419,10.94,11.751750134625741,3.5175013462574043,0.9165320409262251,7.707592891760905,6.054388799138395,0.22563274098007538
Alaska Airlines Inc,AS,2019,3,2203,355,4.16,0.34226055379028597,2.4144348615524285,0.1643213799364503,3.4443940081706765,2.681797548797095,0.16114389468906037
Alaska Airlines Inc,AS,2019,4,2103,284,2.95,-2.0137898240608654,3.0660960532572514,0.007132667617689016,2.1207798383262007,2.544935805991441,0.1350451735615787
Alaska Airlines Inc,AS,2019,5,2317,310,2.88,0.3349158394475615,1.900733707380233,0.3638325420802762,3.4022442813983598,2.3094518774277084,0.13379369874838154
Alaska Airlines Inc,AS,2019,6,2349,373,5.06,1.367816091954023,2.802469135802469,0.18050234142188165,2.687526607066837,3.120476798637718,0.1587909748829289
Alaska Airlines Inc,AS,2019,7,2509,353,3.77,-1.0099641291351136,1.939816660023914,0.30569948186528495,2.75966520526106,2.754483858110801,0.1406935033878039
Alaska Airlines Inc,AS,2019,8,2553,494,6.83,3.3251077164120644,2.653740697218958,0.1609870740305523,3.289855072463768,4.174304739522131,0.1934978456717587
Alaska Airlines Inc,AS,2019,9,2182,325,3.53,0.22089825847846012,2.5,0.07332722273143905,3.176443629697525,2.4780018331805684,0.14894592117323557
Alaska Airlines Inc,AS,2019,10,2230,295,2.48,-1.8237668161434977,1.8390134529147981,0.4139013452914798,2.280269058295964,2.8080717488789237,0.13228699551569506
Alaska Airlines Inc,AS,2019,11,2047,279,2.26,-2.6248168050806058,2.1333659013190034,0.07425500732779677,2.4870542256961405,2.3722520762090866,0.13629702002931118
Alaska Airlines Inc,AS,2019,12,2313,505,10.31,5.955036748811068,3.632511889321228,0.023346303501945526,3.748378728923476,5.824470384781669,0.21833117163856464
Alaska Airlines Inc,AS,2022,1,1603,335,8.19,5.873362445414847,4.558951965065503,0.4903306300686213,2.671865252651279,4.933250155957579,0.20898315658140987
Alaska Airlines Inc,AS,2022,2,1560,212,2.83,-0.4269230769230769,2.573717948717949,0.18333333333333332,1.992948717948718,2.6858974358974357,0.1358974358974359
Alaska Airlines Inc,AS,2022,3,1946,271,4.24,0.8412127440904419,2.547790339157246,0.18345323741007194,2.1197327852004113,2.724563206577595,0.13926002055498457
Alaska Airlines Inc,AS,2022,4,1893,376,8.04,5.929741151611199,4.303222398309561,0.5493924986793449,3.0369783412572637,4.024300052826201,0.19862651875330165
Alaska Airlines Inc,AS,2022,5,1946,328,5.12,2.5462487153134634,3.1120246659815005,0.2132579650565262,2.5,3.091983556012333,0.1685508735868448
Alaska Airlines Inc,AS,2022,6,1989,344,6.04,4.323278029160382,3.2951231774761185,0.363499245852187,3.0246354952237304,3.3800904977375565,0.17295123177476118
Alaska Airlines Inc,AS,2022,7,1980,299,4.62,1.463131313131313,3.0823232323232324,0.18787878787878787,2.022727272727273,2.926767676767677,0.151010101010101
Alaska Airlines Inc,AS,2022,8,2084,329,4.51,1.3550863723608446,2.0882917466410746,0.19193857965451055,2.669865642994242,3.396353166986564,0.15786948176583493
Alaska Airlines Inc,AS,2022,9,1975,320,4.54,0.9888607594936709,2.8162025316455694,0.1848101265822785,2.316962025316456,2.88253164556962,0.1620253164556962
Alaska Airlines Inc,AS,2022,10,2018,280,3.24,-1.3523290386521307,2.9286422200198214,0.4192269573835481,1.684340931615461,2.1823587710604557,0.13875123885034688
Alaska Airlines Inc,AS,2022,11,1888,310,6.06,4.384533898305085,2.3416313559322033,1.2807203389830508,3.530720338983051,3.9862288135593222,0.1641949152542373
Alaska Airlines Inc,AS,2022,12,1812,615,19.3,18.53532008830022,6.373620309050772,1.596026490066225,5.913907284768212,8.94150110375276,0.3394039735099338
Alaska Airlines Inc,AS,2023,1,1980,375,6.6,3.3535353535353534,2.855050505050505,0.2813131313131313,3.7065656565656564,4.068686868686869,0.1893939393939394
Alaska Airlines Inc,AS,2023,2,1771,356,7.72,5.680971202710333,3.860530773574252,0.6640316205533597,3.1914172783738,4.902879728966686,0.2010163749294184
Alaska Airlines Inc,AS,2023,3,1991,398,6.92,4.3505775991963835,2.516323455549975,0.4324460070316424,2.872425916624812,4.123556002009041,0.1998995479658463
Alaska Airlines Inc,AS,2023,4,1939,392,7.24,5.251160391954616,3.8019597730789068,0.185146982980918,3.403816400206292,3.9066529138731303,0.20216606498194944
Alaska Airlines Inc,AS,2023,5,2070,314,3.65,0.1067632850241546,2.2096618357487925,0.24830917874396136,2.0734299516908212,2.927536231884058,0.15169082125603864
Alaska Airlines Inc,AS,2023,6,2208,458,7.59,4.5018115942028984,3.5135869565217392,0.25271739130434784,2.623641304347826,4.376358695652174,0.20742753623188406
Alaska Airlines Inc,AS,2023,7,2286,495,9.73,6.104549431321085,3.4461942257217846,0.352580927384077,3.0704286964129484,5.290463692038495,0.21653543307086615
Alaska Airlines Inc,AS,2023,8,2390,460,7.05,4.398744769874477,3.507531380753138,0.7870292887029289,2.5380753138075316,3.9418410041841003,0.19246861924686193
Allegiant Air,G4,2019,1,682,142,9.7,8.637829912023461,5.105571847507331,0.4530791788856305,3.1085043988269794,5.8885630498533725,0.20821114369501467
Allegiant Air,G4,2019,2,716,161,12.63,11.541899441340782,5.004189944134078,1.7527932960893855,3.094972067039106,8.243016759776536,0.22486033519553073
Allegiant Air,G4,2019,3,1004,144,5.52,1.909362549800797,3.6185258964143427,0.9093625498007968,1.0597609561752988,4.47410358565737,0.14342629482071714
Allegiant Air,G4,2019,4,916,172,9.84,7.312227074235808,4.096069868995633,1.6888646288209608,1.9421397379912664,5.71943231441048,0.18777292576419213
Allegiant Air,G4,2019,5,940,159,6.68,4.519148936170213,3.275531914893617,1.126595744680851,1.4914893617021276,4.768085106382979,0.16914893617021276
Allegiant Air,G4,2019,6,1152,295,14.04,13.3671875,4.920138888888889,1.9539930555555556,2.6649305555555554,8.55295138888889,0.2560763888888889
Allegiant Air,G4,2019,7,1217,253,10.73,8.309778142974528,5.37962202136401,2.684470008216927,1.2226787181594083,5.688578471651602,0.20788824979457682
Allegiant Air,G4,2019,8,873,184,11.79,10.491408934707904,5.764032073310424,1.3241695303550973,3.13631156930126,6.514318442153494,0.21076746849942726
Allegiant Air,G4,2019,9,599,80,3.75,0.25208681135225375,3.5158597662771287,0.7295492487479132,1.1469115191986645,2.8030050083472453,0.1335559265442404
Allegiant Air,G4,2019,10,783,134,8.21,4.753512132822478,4.931034482758621,0.3665389527458493,0.89272030651341,5.393358876117497,0.17113665389527458
Allegiant Air,G4,2019,11,859,128,6.29,3.937136204889406,5.353899883585565,0.5750873108265425,1.1373690337601863,3.1944121071012805,0.1490104772991851
Allegiant Air,G4,2019,12,988,215,11.17,10.18927125506073,5.321862348178137,0.7793522267206477,2.966599190283401,6.327935222672065,0.21761133603238866
Allegiant Air,G4,2022,1,784,204,11.13,11.220663265306122,5.260204081632653,1.663265306122449,3.292091836734694,7.067602040816326,0.2602040816326531
Allegiant Air,G4,2022,2,848,234,13.89,13.890330188679245,6.558962264150943,1.1084905660377358,3.4587264150943398,7.82311320754717,0.2759433962264151
Allegiant Air,G4,2022,3,1151,383,18.18,20.870547350130323,6.190269331016507,0.5160729800173762,6.647263249348392,9.841876629018245,0.3327541268462207
Allegiant Air,G4,2022,4,1045,374,21.09,23.84976076555024,5.522488038277512,1.0555023923444975,6.811483253588516,12.526315789473685,0.35789473684210527
Allegiant Air,G4,2022,5,973,292,17.22,16.8191161356629,6.16546762589928,1.3607399794450155,3.0020554984583763,10.055498458376157,0.3001027749229188
Allegiant Air,G4,2022,6,1142,404,22.1,23.13835376532399,7.049036777583187,0.8213660245183888,4.939579684763573,13.078809106830123,0.35376532399299476
Allegiant Air,G4,2022,7,1245,405,27.29,29.481927710843372,8.326104417670683,2.2144578313253014,4.63855421686747,16.902008032128514,0.3253012048192771
Allegiant Air,G4,2022,8,926,257,17.44,18.831533477321813,6.146868250539957,1.3833693304535637,3.806695464362851,11.022678185745141,0.2775377969762419
Allegiant Air,G4,2022,9,702,139,12.05,11.613960113960115,6.925925925925926,0.8361823361823362,3.9800569800569803,5.373219373219373,0.198005698005698
Allegiant Air,G4,2022,10,895,190,10.54,9.405586592178771,6.012290502793296,0.19329608938547485,2.981005586592179,5.4737430167597765,0.2122905027932961
Allegiant Air,G4,2022,11,853,239,17.24,17.50175849941383,7.131301289566236,1.8300117233294255,5.030480656506448,8.405627198124268,0.2801875732708089
Allegiant Air,G4,2022,12,998,316,26.44,27.906813627254508,11.112224448897795,2.3266533066132267,5.597194388777555,13.03306613226453,0.3166332665330661
Allegiant Air,G4,2023,1,862,233,16.79,15.022041763341067,8.037122969837586,0.574245939675174,6.1496519721577725,7.273781902552204,0.2703016241299304
Allegiant Air,G4,2023,2,814,188,11.25,7.7309582309582305,3.36977886977887,3.031941031941032,2.826781326781327,6.825552825552825,0.23095823095823095
Allegiant Air,G4,2023,3,1067,343,21.54,23.390815370196812,5.4611059044048735,2.2089971883786315,7.471415182755389,12.994376757263355,0.32146204311152765
Allegiant Air,G4,2023,4,1084,274,16.81,14.994464944649447,5.226937269372693,1.4612546125461254,5.310885608856089,9.603321033210332,0.25276752767527677
Allegiant Air,G4,2023,5,937,162,8.01,6.0811099252934895,3.1494130202774815,3.1216648879402347,2.5784418356456777,4.8580576307363925,0.1728922091782284
Allegiant Air,G4,2023,6,1148,292,19.56,20.470383275261323,6.826655052264808,1.8658536585365855,7.003484320557491,9.611498257839722,0.25435540069686413
Allegiant Air,G4,2023,7,1278,375,27.44,30.546948356807512,11.674491392801253,4.140062597809076,5.745696400625978,13.03129890453834,0.2934272300469484
Allegiant Air,G4,2023,8,833,219,23.11,23.129651860744296,10.846338535414166,3.930372148859544,4.549819927971188,9.271308523409363,0.26290516206482595
American Airlines Inc,AA,2019,1,7699,1203,7.35,3.144564229120665,2.987530848162099,0.5581244317443824,2.757630861150799,3.9212884790232496,0.15625405896869723
American Airlines Inc,AA,2019,2,7170,1440,11.31,8.01297071129707,4.8638772663877266,0.6736401673640168,3.6550906555090656,5.13207810320781,0.200836820083682
American Airlines Inc,AA,2019,3,7996,1492,10.85,5.687718859429715,4.2277388694347176,0.45110055027513757,2.194222111055528,5.65520260130065,0.18659329664832416
American Airlines Inc,AA,2019,4,7451,1478,12.23,7.714669171923232,4.782713729700712,0.8522345993826332,3.3292175546906457,5.664877197691585,0.1983626358878003
American Airlines Inc,AA,2019,5,8131,2032,16.41,13.105768048210551,5.072684786619112,1.4972328126921657,4.337842823760915,7.737916615422457,0.2499077604230722
American Airlines Inc,AA,2019,6,7730,2154,18.92,15.342173350582147,6.964812419146184,1.0644243208279431,4.570763260025873,8.190297542043984,0.27865459249676583
American Airlines Inc,AA,2019,7,8075,1960,16.82,10.741052631578947,5.651269349845201,1.4754179566563468,3.371269349845201,7.539318885448917,0.24272445820433436
American Airlines Inc,AA,2019,8,8201,1813,14.48,9.16376051701012,5.141202292403365,1.220095110352396,3.651383977563712,6.478356298012438,0.2210706011462017
American Airlines Inc,AA,2019,9,7881,1164,7.96,1.639005202385484,3.516051262530136,0.3259738611851288,2.677071437634818,4.204542570739754,0.1476969927674153
American Airlines Inc,AA,2019,10,8062,1456,10.29,5.107169436864302,4.379806499627884,0.7300917886380551,2.6402877697841727,4.72909947903746,0.18060034730836022
American Airlines Inc,AA,2019,11,7928,1126,7.39,0.4648082744702321,4.221367305751766,0.11995459132189708,1.5648335015136225,3.563193743693239,0.1420282542885974
American Airlines Inc,AA,2019,12,8067,1417,9.82,4.046733606049337,4.015123342010661,0.2663939506631957,2.8320317342258585,4.551878021569356,0.17565389859923144
American Airlines Inc,AA,2022,1,6656,1033,8.05,-0.7295673076923077,5.315955528846154,0.5112680288461539,1.6296574519230769,3.736027644230769,0.15519831730769232
American Airlines Inc,AA,2022,2,6168,1193,12.92,8.747730220492866,7.228599221789883,0.9709792477302205,2.8030155642023344,4.657749675745785,0.1934176394293126
American Airlines Inc,AA,2022,3,7177,1234,10.95,5.415493938971715,6.135989967953184,0.15563605963494495,2.3855371325066184,4.41702661279086,0.17193813571129998
American Airlines Inc,AA,2022,4,6751,1386,13.2,8.090949488964597,5.198785365131092,0.8745371056139831,2.798548363205451,6.086653829062361,0.20530291808620946
American Airlines Inc,AA,2022,5,7056,1418,13.34,8.348922902494332,5.2854308390022675,1.0593820861678005,2.737386621315193,6.264030612244898,0.20096371882086167
American Airlines Inc,AA,2022,6,7097,2176,22.63,18.848245737635622,8.481189234887982,1.1792306608426095,3.2526419613921376,10.730449485698182,0.30660842609553335
American Airlines Inc,AA,2022,7,7457,2139,21.39,17.3492020919941,8.787313933217112,1.1287380984310045,2.9694247016226365,10.061821107684056,0.2868445755665817
American Airlines Inc,AA,2022,8,7599,1844,16.75,12.855244111067245,6.811685748124753,1.500065798131333,3.139228845900776,7.544282142387156,0.2426635083563627
American Airlines Inc,AA,2022,9,7162,1328,11.4,5.997765987154426,5.33845294610444,0.6355766545657637,1.866238480871265,5.827003630270874,0.18542306618263055
American Airlines Inc,AA,2022,10,7766,1311,11.88,6.224439866082926,4.8256502704094775,0.5485449394797837,1.6323718774143703,6.889647180015452,0.16881277362863764
American Airlines Inc,AA,2022,11,7491,1430,12.0,7.746228807902817,5.511947670537979,0.328527566413029,2.2277399546122014,6.420371112001068,0.19089574155653452
American Airlines Inc,AA,2022,12,7582,2020,20.52,16.514639936692166,7.188340807174888,1.1846478501714588,2.4893168029543657,11.386441572144554,0.2664204695331047
American Airlines Inc,AA,2023,1,7460,1493,14.21,10.465281501340483,5.731233243967829,0.94343163538874,3.935790884718499,6.782037533512065,0.20013404825737266
American Airlines Inc,AA,2023,2,7031,1447,13.33,8.580571753662353,5.522116341914379,0.7488266249466647,2.1336936424406203,7.546863888493813,0.2058028729910397
American Airlines Inc,AA,2023,3,7862,1915,18.01,15.219918595777155,6.9131264309336045,0.8416433477486644,3.2779191045535487,9.654413635207327,0.24357669804121088
American Airlines Inc,AA,2023,4,7736,1889,18.6,15.038779731127198,6.266546018614271,0.8715098241985523,3.4251551189245086,10.962254395036194,0.24418304033092036
American Airlines Inc,AA,2023,5,8049,1723,16.89,10.26139893154429,6.898620946701453,0.7274195552242515,1.7241893402907194,8.89265747297801,0.21406385886445523
American Airlines Inc,AA,2023,6,7996,2327,26.54,22.581165582791396,9.072911455727864,1.8724362181090546,3.721485742871436,13.972736368184092,0.29102051025512754
American Airlines Inc,AA,2023,7,8335,2582,29.94,25.505938812237552,10.705458908218356,1.256388722255549,3.8079184163167366,15.748530293941212,0.3097780443911218
American Airlines Inc,AA,2023,8,8517,2215,24.65,17.58436069038394,8.881765880004696,1.0070447340612891,2.044381824586122,14.069508042738054,0.2600680990959258
Delta Air Lines Inc,DL,2019,1,7549,906,5.93,-2.7794409855610014,2.949264803285203,0.6029937740098026,2.428003709100543,2.1944628427606307,0.12001589614518479
Delta Air Lines Inc,DL,2019,2,6941,1198,11.84,4.587235268693272,3.9469817029246506,1.9108197666042357,3.855928540556116,4.146232531335542,0.17259760841377322
Delta Air Lines Inc,DL,2019,3,8858,1120,6.24,-1.7064800180627682,2.7905847821178598,0.9514563106796117,1.779747121246331,2.115263039060736,0.12643937683449988
Delta Air Lines Inc,DL,2019,4,8408,1185,8.83,1.0417459562321598,3.85941960038059,0.6924357754519506,2.6233349191246433,3.464676498572788,0.1409372026641294
Delta Air Lines Inc,DL,2019,5,8718,1227,7.3,0.04530855700848819,3.01124111034641,0.3072952512044047,2.700389997705896,2.732736866253728,0.14074328974535444
Delta Air Lines Inc,DL,2019,6,8707,1745,12.74,7.061444814517055,4.441139313196278,0.8400137820144711,3.7328586195015503,4.865855059147812,0.20041346043413347
Delta Air Lines Inc,DL,2019,7,9166,1796,14.85,8.399192668557713,5.823478071132446,1.1597207069605062,3.6650665502945667,5.300130918612263,0.19594152301985598
Delta Air Lines Inc,DL,2019,8,9222,1518,10.35,4.19496855345912,4.65820863153329,0.5323140316634136,3.444805898937324,3.362177401865105,0.1646063760572544
Delta Air Lines Inc,DL,2019,9,8396,822,3.99,-2.0955216769890423,2.4922582181991424,0.34718913768461174,2.0394235350166747,1.7022391615054788,0.09790376369699857
Delta Air Lines Inc,DL,2019,10,8740,1018,4.41,-0.5859267734553776,2.786842105263158,0.2491990846681922,2.013157894736842,1.9209382151029748,0.11647597254004577
Delta Air Lines Inc,DL,2019,11,8182,927,4.89,-2.1145196773405037,2.5612319726228305,0.31190417990711317,1.8323148374480567,2.3504033243705695,0.1132974822781716
Delta Air Lines Inc,DL,2019,12,8157,1261,7.51,-0.01961505455437048,3.0215765600098075,0.5417432879735197,2.8228515385558417,2.3887458624494298,0.15459114870663235
Delta Air Lines Inc,DL,2022,1,6798,1015,7.49,-0.9499852897911151,4.903206825536922,0.5817887614004119,1.4905854663136215,2.092233009708738,0.1493086201824066
Delta Air Lines Inc,DL,2022,2,6343,921,7.07,-1.3037994639760366,3.83793157811761,0.6530033107362446,1.6897367176414946,2.3145199432445214,0.1451994324452152
Delta Air Lines Inc,DL,2022,3,7523,1393,12.37,5.047055695866011,6.29974744118038,0.7911737338827596,2.389073507909079,3.7282998803668748,0.18516549248969827
Delta Air Lines Inc,DL,2022,4,7401,1326,10.32,3.578570463450885,5.435076341034995,0.34008917713822456,2.1226861234968246,3.2478043507634102,0.17916497770571543
Delta Air Lines Inc,DL,2022,5,7632,1355,10.96,4.103249475890985,6.337788259958072,0.2112159329140461,1.5766509433962264,3.0559486373165616,0.177541928721174
Delta Air Lines Inc,DL,2022,6,7634,1719,14.79,7.0666753995284255,7.4470788577416815,0.5031438302331674,2.5770238407126014,4.211291590254127,0.22517684045061567
Delta Air Lines Inc,DL,2022,7,7798,1560,11.85,5.072069761477302,6.730700179533214,0.5343677866119518,1.887150551423442,3.7073608617594256,0.20005129520389844
Delta Air Lines Inc,DL,2022,8,7946,1321,10.07,3.1204379562043796,5.907248930279386,0.4867858041782029,2.3687389881701484,2.6506418323684873,0.1662471683866096
Delta Air Lines Inc,DL,2022,9,7606,783,4.37,-3.5879568761504075,3.673021298974494,0.12292926636865632,1.1168814094136208,1.489481987904286,0.1029450433867999
Delta Air Lines Inc,DL,2022,10,7798,869,4.6,-2.8622723775327006,3.657604513977943,0.16722236470889973,1.063734290843806,1.4733264939728135,0.11143883046935112
Delta Air Lines Inc,DL,2022,11,7630,1025,6.86,0.5850589777195282,4.2146788990825685,0.48466579292267364,1.8381389252948885,2.268283093053735,0.1343381389252949
Delta Air Lines Inc,DL,2022,12,7566,1568,12.79,5.770288131112873,6.751519957705525,0.8945281522601111,2.2718741739360295,3.6584721120803594,0.20724292889241344
Delta Air Lines Inc,DL,2023,1,7634,1545,14.21,7.455462405030128,7.867304165575059,0.797353942887084,2.804689546764475,4.3429394812680115,0.20238407126015195
Delta Air Lines Inc,DL,2023,2,6858,1147,11.17,3.0507436570428696,6.700058326042578,0.6771653543307087,1.8878681831437738,3.5653251676873725,0.16724992709244677
Delta Air Lines Inc,DL,2023,3,8298,1852,14.25,8.1353338153772,6.936008676789588,1.0780911062906724,3.1717281272595805,4.487346348517715,0.22318630995420582
Delta Air Lines Inc,DL,2023,4,7919,1451,11.15,4.387422654375553,6.499305467862103,0.38679126152291954,2.249905291072105,3.4149513827503473,0.18323020583406996
Delta Air Lines Inc,DL,2023,5,8702,1208,6.84,-1.19466789243852,4.793495748103884,0.3370489542633877,1.0413698000459664,1.9952884394392094,0.13881866237646517
Delta Air Lines Inc,DL,2023,6,8702,2150,17.25,10.324293265915882,8.308664674787405,0.7308664674787405,2.8157894736842106,5.820271202022523,0.2470696391634107
Delta Air Lines Inc,DL,2023,7,8921,2327,18.23,10.968837574262976,8.375518439636812,1.0059410380002243,2.9094271942607333,6.163658782647685,0.2608451967268243
Delta Air Lines Inc,DL,2023,8,8873,1808,14.21,6.146173785641834,7.203538825650851,1.1545136932266427,2.3617716668545023,4.531387354896879,0.2037642285585484
Endeavor Air Inc,9E,2019,1,2021,384,10.49,3.1093518060366154,3.190499752597724,0.8060366155368629,3.962889658584859,6.849579416130628,0.190004948045522
Endeavor Air Inc,9E,2019,2,1801,353,10.69,4.05941143808995,4.117712382009994,0.5880066629650195,3.9844530816213215,6.177679067184897,0.1960022209883398
Endeavor Air Inc,9E,2019,3,2322,360,8.46,1.520671834625323,3.1593453919035315,0.4496124031007752,2.6929371231696813,5.748923341946598,0.15503875968992248
Endeavor Air Inc,9E,2019,4,2145,404,10.32,4.9282051282051285,3.4643356643356644,0.20466200466200465,4.077855477855477,6.563170163170163,0.18834498834498833
Endeavor Air Inc,9E,2019,5,2132,296,6.16,-0.349906191369606,2.519699812382739,0.5905253283302064,3.6449343339587243,3.430112570356473,0.13883677298311445
Endeavor Air Inc,9E,2019,6,2148,519,19.1,13.674581005586592,5.657355679702048,1.0507448789571694,5.6247672253258845,9.834729981378025,0.24162011173184358
Endeavor Air Inc,9E,2019,7,2216,428,12.34,4.760379061371841,4.060469314079422,0.7743682310469314,3.3704873646209386,7.228790613718411,0.1931407942238267
Endeavor Air Inc,9E,2019,8,2284,385,10.9,5.089316987740806,3.0236427320490367,0.707968476357268,5.535464098073555,6.094133099824869,0.16856392294220665
Endeavor Air Inc,9E,2019,9,2089,214,2.68,-5.075634274772619,1.9985639061752034,0.4547630445189086,2.1661081857348012,2.9023456199138344,0.10244135950215415
Endeavor Air Inc,9E,2019,10,2178,325,5.91,-0.5004591368227732,2.068870523415978,0.36042240587695135,3.8191000918273645,3.837465564738292,0.14921946740128558
Endeavor Air Inc,9E,2019,11,2102,245,4.8,-3.878211227402474,3.1284490960989535,0.10894386298763083,1.7692673644148431,3.8168411037107517,0.11655566127497621
Endeavor Air Inc,9E,2019,12,2277,372,8.94,-0.484409310496267,3.1124286341677645,1.0592885375494072,2.6385595081247257,5.3061045234958275,0.16337285902503293
Endeavor Air Inc,9E,2022,1,2055,279,8.5,2.236009732360097,5.737226277372263,1.0661800486618005,2.194160583941606,3.6,0.13576642335766423
Endeavor Air Inc,9E,2022,2,1842,253,7.97,1.6042345276872965,3.5825190010857764,1.278501628664495,2.742128121606949,4.634636264929425,0.13735070575461455
Endeavor Air Inc,9E,2022,3,2125,323,9.69,5.651764705882353,3.4531764705882355,0.9943529411764706,4.343058823529412,5.295058823529412,0.152
Endeavor Air Inc,9E,2022,4,2029,255,5.63,0.4302612124199113,2.9314933464760964,0.6062099556431739,2.677180877279448,3.2069985214391328,0.1256776737309019
Endeavor Air Inc,9E,2022,5,2013,262,7.64,2.7078986587183307,4.384500745156483,0.15250869349230006,2.8703427719821164,3.726775956284153,0.13015399900645802
Endeavor Air Inc,9E,2022,6,1856,320,15.04,9.16217672413793,8.571659482758621,0.5598060344827587,3.8195043103448274,5.419719827586207,0.1724137931034483
Endeavor Air Inc,9E,2022,7,2019,337,11.49,5.889549281822685,5.6557701832590395,0.6721149083704805,3.5047052996532937,5.016840019811788,0.16691431401684
Endeavor Air Inc,9E,2022,8,1904,261,8.64,2.9936974789915967,3.516281512605042,1.093487394957983,4.007878151260504,3.875525210084034,0.13707983193277312
Endeavor Air Inc,9E,2022,9,1824,219,5.83,-1.3031798245614035,3.0860745614035086,0.3541666666666667,2.387609649122807,3.9353070175438596,0.12006578947368421
Endeavor Air Inc,9E,2022,10,1735,233,7.69,0.4760806916426513,3.4714697406340056,0.37118155619596543,3.840922190201729,3.9930835734870316,0.13429394812680115
Endeavor Air Inc,9E,2022,11,1611,221,8.85,5.0900062073246435,3.464307883302297,1.373060211049038,3.2942271880819365,5.309124767225326,0.1371818746120422
Endeavor Air Inc,9E,2022,12,1598,288,9.88,2.9036295369211516,4.538172715894868,1.3147684605757197,3.5181476846057573,3.4411764705882355,0.1802252816020025
Endeavor Air Inc,9E,2023,1,1699,302,10.79,5.949970570924073,3.3872866391995293,2.585050029429076,4.1818716892289585,5.33313713949382,0.177751618599176
Endeavor Air Inc,9E,2023,2,1418,164,6.1,-3.35966149506347,2.8610719322990126,1.679830747531735,1.5669957686882934,3.2475317348378,0.1156558533145275
Endeavor Air Inc,9E,2023,3,1682,232,7.47,1.9536266349583828,3.9589774078478004,0.42746730083234247,2.7265160523186682,4.439952437574316,0.13793103448275862
Endeavor Air Inc,9E,2023,4,1559,216,8.85,2.7280307889672866,2.5355997434252724,1.1731879409878128,3.2482360487491984,5.474021808851828,0.13855035279025016
Endeavor Air Inc,9E,2023,5,1695,124,0.9,-8.228318584070797,2.1038348082595872,0.5982300884955752,0.7634218289085546,1.1421828908554572,0.07315634218289085
Endeavor Air Inc,9E,2023,6,1730,292,12.36,4.13757225433526,4.942196531791907,0.8838150289017341,4.2878612716763005,4.791329479768786,0.16878612716763006
Endeavor Air Inc,9E,2023,7,1756,335,13.92,6.959567198177677,5.466400911161731,1.056378132118451,4.3211845102505695,5.793280182232346,0.1907744874715262
Endeavor Air Inc,9E,2023,8,1823,297,9.91,1.4514536478332418,4.65660998354361,0.7087218869994515,2.359846407021393,5.1826659352715305,0.16291826659352715
Envoy Air,MQ,2019,1,2454,463,8.5,7.574979625101874,3.3683781581092096,1.293398533007335,4.228606356968215,4.97921760391198,0.1886715566422168
Envoy Air,MQ,2019,2,2301,566,15.44,15.040417209908735,4.995654063450673,1.7101260321599305,5.095176010430248,8.581051716644938,0.2459800086918731
Envoy Air,MQ,2019,3,2746,365,3.91,0.6904588492352512,1.9271667880553531,0.46067006554989076,1.8689002184996357,3.8179169701383833,0.13292061179898035
Envoy Air,MQ,2019,4,2529,367,6.13,2.6255436931593517,2.6117042309213128,1.2487149070778965,2.872281534203242,3.7247924080664294,0.14511664689600634
Envoy Air,MQ,2019,5,2735,533,10.5,9.385374771480805,3.4906764168190128,1.1414990859232175,4.929798903107861,5.692504570383912,0.19488117001828154
Envoy Air,MQ,2019,6,2754,643,15.35,13.876180101670299,4.969135802469136,1.4531590413943356,4.636165577342048,7.920116194625998,0.23347857661583152
Envoy Air,MQ,2019,7,2817,563,11.11,8.680156194533192,3.516506922257721,1.1970181043663473,4.294639687610934,6.149804756833511,0.19985800496982606
Envoy Air,MQ,2019,8,3023,562,8.92,6.496526629176315,2.759510420112471,1.1227257691035395,3.4078729738670197,5.814091961627522,0.18590803837247766
Envoy Air,MQ,2019,9,2639,419,7.52,5.292156119742327,2.852974611595301,0.7976506252368322,3.343690791966654,5.099658961727927,0.15877226222053809
Envoy Air,MQ,2019,10,2818,397,6.04,4.294180269694819,1.9559971611071683,1.2565649396735272,3.28388928317956,4.4691270404542225,0.14088005677785664
Envoy Air,MQ,2019,11,2585,304,3.4,0.3369439071566731,2.430947775628627,0.695551257253385,2.1760154738878144,2.6328820116054157,0.11760154738878142
Envoy Air,MQ,2019,12,2644,487,9.7,5.875945537065053,2.894856278366112,1.4111195158850227,2.3668683812405447,6.417170953101362,0.18419062027231467
Envoy Air,MQ,2022,1,2180,310,5.11,-1.5591743119266055,2.751834862385321,0.6077981651376146,2.023394495412844,2.8509174311926606,0.14220183486238533
Envoy Air,MQ,2022,2,1908,302,6.85,1.2982180293501049,2.65251572327044,1.3427672955974843,2.689727463312369,3.3548218029350103,0.15828092243186584
Envoy Air,MQ,2022,3,2238,296,5.74,0.1487935656836461,2.634941912421805,1.1729222520107239,1.6742627345844503,2.9901697944593386,0.1322609472743521
Envoy Air,MQ,2022,4,2121,334,7.44,4.5436115040075435,2.674210278170674,1.8472418670438473,2.6727958510136727,3.6534653465346536,0.15747289014615748
Envoy Air,MQ,2022,5,2225,348,7.3,3.237303370786517,3.751011235955056,1.341573033707865,2.0296629213483146,3.0251685393258425,0.15640449438202247
Envoy Air,MQ,2022,6,2110,320,6.72,3.358293838862559,2.56824644549763,1.7123222748815166,2.0943127962085306,3.200947867298578,0.15165876777251186
Envoy Air,MQ,2022,7,2183,361,8.91,5.355016032982134,3.479615208428768,0.8900595510765003,2.1273476866697205,5.137425561154375,0.16536875858909758
Envoy Air,MQ,2022,8,2105,345,9.25,5.626603325415677,4.091211401425178,1.889311163895487,2.33729216152019,4.263182897862233,0.16389548693586697
Envoy Air,MQ,2022,9,2085,231,2.34,-0.9251798561151079,2.0393285371702636,0.6724220623501199,1.6906474820143884,2.041726618705036,0.11079136690647481
Envoy Air,MQ,2022,10,1939,220,3.65,0.1784424961320268,2.050541516245487,0.8231046931407943,1.6420835482207323,3.00515729757607,0.11346054667354306
Envoy Air,MQ,2022,11,1808,276,8.74,5.931969026548672,4.444137168141593,1.6277654867256637,2.3655973451327434,3.7804203539823007,0.15265486725663716
Envoy Air,MQ,2022,12,1858,407,13.38,12.073196986006458,3.7922497308934338,2.913885898815931,3.5667384284176533,7.208826695371367,0.21905274488697524
Envoy Air,MQ,2023,1,1843,305,6.85,5.71459576776994,2.7650569723277267,1.1909929462832338,4.03906673901248,3.8122626153011394,0.16549104720564298
Envoy Air,MQ,2023,2,1708,221,4.49,0.5181498829039812,2.350702576112412,0.7540983606557377,1.7078454332552693,3.322599531615925,0.12939110070257612
Envoy Air,MQ,2023,3,1961,402,12.14,10.880673125956145,3.93625701172871,1.7292197858235594,3.443141254462009,6.849056603773585,0.20499745028046915
Envoy Air,MQ,2023,4,1758,313,8.38,6.102389078498294,2.1484641638225255,1.4419795221843004,3.0938566552901023,5.581342434584755,0.17804323094425484
Envoy Air,MQ,2023,5,1774,234,5.61,1.0947012401352876,2.3410372040586247,1.1589627959413755,1.9013528748590756,3.3934611048478014,0.1319052987598647
Envoy Air,MQ,2023,6,1734,341,10.03,8.651672433679353,3.5790080738177625,1.2208765859284891,4.118800461361015,5.405997693194925,0.1966551326412918
Envoy Air,MQ,2023,7,1946,370,9.42,6.548818088386434,3.4280575539568345,1.3576567317574513,2.8114080164439876,5.122816032887975,0.19013360739979446
Envoy Air,MQ,2023,8,2071,298,5.92,0.9396426846933849,2.878802510864317,0.6417189763399324,1.6417189763399325,3.4635441815548043,0.14389183969097055
ExpressJet Airlines LLC d/b/a aha!,EV,2019,1,1275,285,17.0,14.542745098039216,7.3701960784313725,1.7733333333333334,6.207843137254902,6.8831372549019605,0.2235294117647059
ExpressJet Airlines LLC d/b/a aha!,EV,2019,2,1176,257,19.37,17.507653061224488,7.352891156462585,2.4073129251700682,8.380102040816327,6.042517006802721,0.2185374149659864
ExpressJet Airlines LLC d/b/a aha!,EV,2019,3,1240,241,12.97,10.438709677419356,5.325806451612904,0.17096774193548386,7.013709677419355,5.123387096774193,0.19435483870967743
ExpressJet Airlines LLC d/b/a aha!,EV,2019,4,1040,247,19.53,16.641346153846154,7.998076923076923,1.4519230769230769,7.684615384615385,6.931730769230769,0.2375
ExpressJet Airlines LLC d/b/a aha!,EV,2019,5,887,206,17.4,15.564825253664036,6.454340473506201,2.5501691093573844,7.799323562570462,6.13641488162345,0.2322435174746336
ExpressJet Airlines LLC d/b/a aha!,EV,2019,6,893,273,30.16,30.358342665173573,10.996640537513997,0.26763717805151177,14.067189249720045,9.83090705487122,0.3057110862262038
ExpressJet Airlines LLC d/b/a aha!,EV,2019,7,1047,258,19.7,20.13085004775549,7.959885386819484,1.0620821394460362,8.781279847182425,7.482330468003821,0.24641833810888253
ExpressJet Airlines LLC d/b/a aha!,EV,2019,8,1082,280,28.86,29.38909426987061,10.744916820702404,1.509242144177449,12.354898336414047,9.290203327171904,0.2587800369685767
ExpressJet Airlines LLC d/b/a aha!,EV,2019,9,1093,207,13.44,11.172003659652333,4.769441903019213,0.3888380603842635,9.035681610247027,5.0585544373284534,0.18938700823421775
ExpressJet Airlines LLC d/b/a aha!,EV,2019,10,1085,219,12.11,10.812903225806451,3.193548387096774,0.504147465437788,8.76036866359447,5.621198156682028,0.20184331797235022
ExpressJet Airlines LLC d/b/a aha!,EV,2019,11,1109,134,4.96,1.0865644724977457,3.628494138863841,0.6185752930568079,3.6979260595130747,2.449053201082056,0.12082957619477007
ExpressJet Airlines LLC d/b/a aha!,EV,2019,12,1138,248,17.57,13.817223198594025,5.987697715289983,0.5492091388400703,8.000878734622145,7.992091388400703,0.2179261862917399
Frontier Airlines Inc,F9,2019,1,980,247,12.19,5.255102040816326,3.695918367346939,0.11020408163265306,3.225510204081633,6.854081632653061,0.25204081632653064
Frontier Airlines Inc,F9,2019,2,856,209,13.87,6.94392523364486,4.6764018691588785,0.411214953271028,4.554906542056075,6.658878504672897,0.2441588785046729
Frontier Airlines Inc,F9,2019,3,1035,225,13.13,5.8193236714975844,3.626086956521739,0.23478260869565218,3.4367149758454105,8.543961352657005,0.21739130434782608
Frontier Airlines Inc,F9,2019,4,1013,209,9.99,1.9595261599210267,2.9151036525172755,0.14116485686080948,3.4679170779861797,6.1224086870681145,0.2063178677196446
Frontier Airlines Inc,F9,2019,5,1142,350,20.8,16.6584938704028,4.936952714535902,0.6436077057793345,3.414185639229422,13.645359019264449,0.3064798598949212
Frontier Airlines Inc,F9,2019,6,1195,413,22.74,20.42928870292887,6.168200836820084,0.5648535564853556,8.309623430962343,10.88786610878661,0.34560669456066945
Frontier Airlines Inc,F9,2019,7,1309,442,19.13,14.88770053475936,6.764705882352941,0.2994652406417112,6.425515660809778,8.255920550038198,0.33766233766233766
Frontier Airlines Inc,F9,2019,8,1265,366,17.63,12.606324110671936,5.211067193675889,0.31778656126482213,4.890118577075099,9.474308300395258,0.2893280632411067
Frontier Airlines Inc,F9,2019,9,1188,232,9.63,2.823232323232323,4.3106060606060606,0.09511784511784512,3.4452861952861955,6.218855218855219,0.19528619528619529
Frontier Airlines Inc,F9,2019,10,1300,322,14.95,9.332307692307692,5.171538461538462,0.32076923076923075,4.100769230769231,8.743076923076924,0.24769230769230768
Frontier Airlines Inc,F9,2019,11,1225,257,11.72,5.082448979591836,4.963265306122449,0.22122448979591836,2.666122448979592,7.176326530612245,0.20979591836734693
Frontier Airlines Inc,F9,2019,12,1182,307,15.1,6.985617597292724,4.407783417935702,0.14297800338409475,3.72165820642978,8.948392554991539,0.25972927241962773
Frontier Airlines Inc,F9,2022,1,1192,320,12.77,8.452181208053691,5.518456375838926,0.42197986577181207,3.473993288590604,6.572986577181208,0.2684563758389262
Frontier Airlines Inc,F9,2022,2,1072,296,16.42,12.466417910447761,7.719216417910448,0.1958955223880597,4.1315298507462686,7.291044776119403,0.27611940298507465
Frontier Airlines Inc,F9,2022,3,1226,469,29.32,26.564437194127244,10.290375203915172,0.6223491027732463,6.562805872756933,14.243882544861338,0.3825448613376835
Frontier Airlines Inc,F9,2022,4,1181,473,25.99,25.616426756985604,7.455546147332769,0.8662150719729044,8.10753598645216,12.44623200677392,0.4005080440304826
Frontier Airlines Inc,F9,2022,5,1250,404,21.44,20.2048,7.5712,0.2344,4.7264,11.5552,0.3232
Frontier Airlines Inc,F9,2022,6,1247,380,19.44,16.01924619085806,7.0842020850040095,0.3736968724939856,5.584603047313553,8.781876503608661,0.30473135525260625
Frontier Airlines Inc,F9,2022,7,1286,362,17.78,13.300933125972007,8.024105754276828,1.0699844479004665,4.809486780715397,6.76905132192846,0.28149300155520995
Frontier Airlines Inc,F9,2022,8,1346,382,22.88,17.73105497771174,9.749628528974739,0.5170876671619614,4.212481426448737,10.106983655274888,0.2838038632986627
Frontier Airlines Inc,F9,2022,9,1335,382,16.34,11.663670411985018,5.39250936329588,0.3797752808988764,3.0172284644194756,8.367041198501873,0.2861423220973783
Frontier Airlines Inc,F9,2022,10,1445,467,20.42,14.432525951557093,6.7986159169550175,0.02560553633217993,2.945328719723183,10.319723183391003,0.3231833910034602
Frontier Airlines Inc,F9,2022,11,1410,509,22.4,18.014893617021276,7.541843971631206,0.41843971631205673,4.182978723404255,10.588652482269504,0.36099290780141846
Frontier Airlines Inc,F9,2022,12,1372,562,28.12,23.77405247813411,9.537172011661808,1.489795918367347,5.873906705539358,11.48396501457726,0.4096209912536443
Frontier Airlines Inc,F9,2023,1,1332,464,24.57,19.443693693693692,8.217717717717719,1.0563063063063063,5.306306306306307,11.27927927927928,0.3483483483483483
Frontier Airlines Inc,F9,2023,2,1238,389,18.36,12.722132471728594,7.393376413570275,0.1987075928917609,5.2180936995153475,7.2819063004846525,0.31421647819063003
Frontier Airlines Inc,F9,2023,3,1474,503,23.36,19.89077340569878,6.32089552238806,0.41451831750339213,6.562415196743555,12.030529172320216,0.3412483039348711
Frontier Airlines Inc,F9,2023,4,1319,403,21.54,18.955269143290373,7.223654283548142,0.6034874905231236,4.148597422289614,12.413191811978772,0.3055344958301744
Frontier Airlines Inc,F9,2023,5,1452,494,24.72,21.265151515151516,8.424931129476583,0.5337465564738292,3.5447658402203857,14.350550964187327,0.3402203856749311
Frontier Airlines Inc,F9,2023,6,1363,593,33.41,31.57960381511372,10.030080704328686,1.259721203228173,6.168011738811446,18.240645634629495,0.43506969919295674
Frontier Airlines Inc,F9,2023,7,1436,619,37.28,35.850278551532035,12.027855153203342,0.6364902506963789,6.380222841225627,20.792479108635096,0.431058495821727
Frontier Airlines Inc,F9,2023,8,1498,543,29.07,25.88117489986649,10.140854472630174,1.32109479305741,4.582109479305741,16.002670226969293,0.36248331108144194
Hawaiian Airlines Inc,HA,2019,1,668,57,1.4,0.8263473053892215,3.4161676646706587,0.23952095808383234,0.0718562874251497,1.25,0.08532934131736528
Hawaiian Airlines Inc,HA,2019,2,639,98,5.23,5.355242566510172,4.248826291079812,0.6807511737089202,0.054773082942097026,3.0219092331768387,0.15336463223787167
Hawaiian Airlines Inc,HA,2019,3,682,59,0.36,0.22434017595307917,2.8255131964809386,0.19501466275659823,0.0,1.0190615835777126,0.08651026392961877
Hawaiian Airlines Inc,HA,2019,4,680,49,-0.43,-1.1323529411764706,2.7676470588235293,0.08676470588235294,0.033823529411764704,0.7867647058823529,0.07205882352941176
Hawaiian Airlines Inc,HA,2019,5,756,47,-1.37,-1.9642857142857142,1.7857142857142858,0.09126984126984126,0.07407407407407407,0.6785714285714286,0.062169312169312166
Hawaiian Airlines Inc,HA,2019,6,756,64,1.8,1.1468253968253967,1.9894179894179893,0.06878306878306878,0.07936507936507936,2.763227513227513,0.08465608465608465
Hawaiian Airlines Inc,HA,2019,7,740,69,2.98,2.1608108108108106,4.624324324324324,0.0,0.013513513513513514,0.8067567567567567,0.09324324324324325
Hawaiian Airlines Inc,HA,2019,8,788,62,0.33,-0.27918781725888325,2.3895939086294415,0.0,0.05583756345177665,0.8756345177664975,0.07868020304568528
Hawaiian Airlines Inc,HA,2019,9,720,49,-0.52,-1.6402777777777777,2.525,0.041666666666666664,0.0,0.7722222222222223,0.06805555555555555
Hawaiian Airlines Inc,HA,2019,10,728,85,3.64,3.806318681318681,3.7142857142857144,0.2774725274725275,0.2403846153846154,2.607142857142857,0.11675824175824176
Hawaiian Airlines Inc,HA,2019,11,690,48,0.09,-0.7115942028985507,2.785507246376812,0.17391304347826086,0.25217391304347825,0.881159420289855,0.06956521739130435
Hawaiian Airlines Inc,HA,2019,12,706,64,1.3,-0.4546742209631728,2.188385269121813,0.05807365439093484,0.024079320113314446,0.8498583569405099,0.0906515580736544
Hawaiian Airlines Inc,HA,2022,1,571,111,10.88,8.208406304728546,7.103327495621716,0.4080560420315236,0.0,5.472854640980736,0.19439579684763572
Hawaiian Airlines Inc,HA,2022,2,475,49,2.97,-0.6063157894736843,3.383157894736842,0.20210526315789473,0.023157894736842106,0.8547368421052631,0.1031578947368421
Hawaiian Airlines Inc,HA,2022,3,587,71,6.66,4.4139693356047704,5.884156729131176,0.3833049403747871,0.0034071550255536627,1.4463373083475297,0.12095400340715502
Hawaiian Airlines Inc,HA,2022,4,611,106,5.99,3.779050736497545,3.690671031096563,0.0,0.057283142389525366,2.1260229132569557,0.1734860883797054
Hawaiian Airlines Inc,HA,2022,5,684,91,3.63,1.3128654970760234,2.2309941520467835,0.0,0.0,1.5263157894736843,0.13304093567251463
Hawaiian Airlines Inc,HA,2022,6,650,138,7.68,5.783076923076923,5.027692307692308,0.0,0.13230769230769232,2.306153846153846,0.2123076923076923
Hawaiian Airlines Inc,HA,2022,7,736,129,7.16,5.467391304347826,4.710597826086956,0.07065217391304347,0.1331521739130435,1.7554347826086956,0.17527173913043478
Hawaiian Airlines Inc,HA,2022,8,672,152,7.59,6.154761904761905,4.416666666666667,0.0,0.05803571428571429,3.1101190476190474,0.2261904761904762
Hawaiian Airlines Inc,HA,2022,9,636,116,5.19,3.349056603773585,3.6713836477987423,0.0,0.0,2.011006289308176,0.18238993710691823
Hawaiian Airlines Inc,HA,2022,10,666,261,19.06,19.076576576576578,7.168168168168168,0.2777777777777778,0.8378378378378378,10.891891891891891,0.3918918918918919
Hawaiian Airlines Inc,HA,2022,11,639,188,16.14,16.55712050078247,9.913928012519563,0.1596244131455399,0.7824726134585289,6.464788732394366,0.2942097026604069
Hawaiian Airlines Inc,HA,2022,12,649,221,27.92,29.534668721109398,10.98151001540832,3.2403697996918335,0.8828967642526965,15.215716486902927,0.3405238828967643
Hawaiian Airlines Inc,HA,2023,1,668,134,7.01,7.2140718562874255,5.25748502994012,0.6077844311377245,0.33682634730538924,2.854790419161677,0.20059880239520958
Hawaiian Airlines Inc,HA,2023,2,645,145,10.24,11.548837209302325,7.015503875968992,0.5736434108527132,0.4294573643410853,4.913178294573643,0.2248062015503876
Hawaiian Airlines Inc,HA,2023,3,695,240,15.85,18.749640287769783,9.015827338129496,0.7928057553956834,0.943884892086331,8.381294964028777,0.34532374100719426
Hawaiian Airlines Inc,HA,2023,4,696,257,15.94,18.81896551724138,6.557471264367816,0.17097701149425287,2.5,9.864942528735632,0.3692528735632184
Hawaiian Airlines Inc,HA,2023,5,701,227,22.64,23.60912981455064,9.944365192582026,0.0,1.9386590584878745,12.407988587731811,0.3238231098430813
Hawaiian Airlines Inc,HA,2023,6,653,147,8.11,6.3843797856049,4.989280245022971,0.0,0.06278713629402756,3.313935681470138,0.225114854517611
Hawaiian Airlines Inc,HA,2023,7,724,111,12.09,10.834254143646408,10.263812154696133,0.022099447513812154,0.024861878453038673,2.703038674033149,0.15331491712707182
Hawaiian Airlines Inc,HA,2023,8,670,93,4.72,4.3283582089552235,3.8537313432835822,0.008955223880597015,0.3716417910447761,2.1,0.13880597014925372
Horizon Air,QX,2022,1,752,164,11.82,10.324468085106384,5.111702127659575,1.1077127659574468,2.125,5.914893617021277,0.21808510638297873
Horizon Air,QX,2022,2,705,94,3.78,1.5106382978723405,2.0609929078014186,0.38581560283687943,1.0453900709219859,2.9078014184397163,0.13333333333333333
Horizon Air,QX,2022,3,784,88,4.4,1.7474489795918366,3.142857142857143,0.016581632653061226,0.9158163265306123,2.5752551020408165,0.11224489795918367
Horizon Air,QX,2022,4,765,109,6.75,5.993464052287582,2.5058823529411764,0.7006535947712418,1.4183006535947713,4.116339869281045,0.14248366013071895
Horizon Air,QX,2022,5,838,120,5.28,4.645584725536993,3.556085918854415,0.0,0.9928400954653938,3.2422434367541766,0.1431980906921241
Horizon Air,QX,2022,6,920,143,6.07,4.965217391304348,2.0315217391304348,0.2554347826086957,1.3423913043478262,4.684782608695652,0.15543478260869564
Horizon Air,QX,2022,7,895,97,3.39,0.7865921787709497,2.5910614525139666,0.2022346368715084,0.7083798882681565,2.451396648044693,0.10837988826815642
Horizon Air,QX,2022,8,880,93,3.19,0.7477272727272727,1.9670454545454545,0.07613636363636364,1.259090909090909,2.328409090909091,0.10568181818181818
Horizon Air,QX,2022,9,807,93,4.56,3.0520446096654275,3.8228004956629493,0.42998760842627015,1.304832713754647,1.885997521685254,0.11524163568773234
Horizon Air,QX,2022,10,578,47,2.12,-0.9688581314878892,1.4826989619377162,0.08304498269896193,0.7975778546712803,2.2889273356401385,0.08131487889273356
Horizon Air,QX,2022,11,536,81,7.27,7.151119402985074,2.4925373134328357,1.9682835820895523,2.888059701492537,3.207089552238806,0.15111940298507462
Horizon Air,QX,2022,12,519,152,22.96,22.49325626204239,4.747591522157996,4.786127167630058,3.71868978805395,12.011560693641618,0.2928709055876686
JetBlue Airways,B6,2019,1,2410,657,20.21,14.944398340248963,8.379253112033195,0.3136929460580913,5.117427385892116,9.595020746887966,0.2726141078838174
JetBlue Airways,B6,2019,2,2235,634,18.95,13.901565995525727,8.22192393736018,0.312751677852349,4.448322147651007,9.309619686800895,0.283668903803132
JetBlue Airways,B6,2019,3,2586,660,16.6,10.196055684454757,7.187548337200309,0.2791956689868523,3.690641918020108,8.050270688321733,0.2552204176334107
JetBlue Airways,B6,2019,4,2472,666,18.52,10.75364077669903,6.249595469255663,0.4320388349514563,5.333333333333333,9.280339805825243,0.26941747572815533
JetBlue Airways,B6,2019,5,2565,585,12.24,5.120857699805068,4.795321637426901,0.453411306042885,4.353606237816764,5.6343079922027295,0.22807017543859648
JetBlue Airways,B6,2019,6,2417,725,21.24,14.767480347538271,7.664460074472487,1.101365328920149,4.7352089366983865,9.799751758378155,0.2999586263963591
JetBlue Airways,B6,2019,7,2515,670,23.65,15.785288270377734,8.261232604373758,0.9216699801192842,6.087872763419483,10.642942345924453,0.2664015904572565
JetBlue Airways,B6,2019,8,2623,804,27.88,21.436523065192528,8.979794128860084,1.1768966831871903,6.49675943576058,13.483415935951202,0.30651925276401065
JetBlue Airways,B6,2019,9,2452,414,8.74,-0.13499184339314846,4.862153344208809,0.1203099510603589,2.285073409461664,5.1876019575856445,0.16884176182707994
JetBlue Airways,B6,2019,10,2509,496,8.75,2.1534475886807494,4.715025906735751,0.10761259465922679,3.41929055400558,3.9964129135113593,0.19768832204065365
JetBlue Airways,B6,2019,11,2532,509,7.9,2.524091627172196,4.558451816745656,0.11690363349131122,2.7946287519747237,3.881516587677725,0.2010268562401264
JetBlue Airways,B6,2019,12,2594,818,25.3,21.98804934464148,9.101387818041635,0.5381649961449498,6.775636083269083,12.48573631457209,0.315343099460293
JetBlue Airways,B6,2022,1,1963,604,22.05,17.998471726948548,12.046867040244523,0.7131940906775344,4.057564951604687,9.135506877228732,0.3076923076923077
JetBlue Airways,B6,2022,2,1992,697,26.6,20.571787148594378,12.58785140562249,0.6275100401606426,3.7630522088353415,11.320281124497992,0.3498995983935743
JetBlue Airways,B6,2022,3,2292,792,25.93,19.283595113438047,12.381326352530541,0.4720767888307155,4.303228621291448,9.862129144851657,0.34554973821989526
JetBlue Airways,B6,2022,4,2201,944,35.51,30.143116765106768,15.5765561108587,0.3084961381190368,4.775102226260791,15.064061790095412,0.42889595638346206
JetBlue Airways,B6,2022,5,2366,696,19.28,11.951817413355874,8.943364327979713,0.5659340659340659,3.775570583262891,6.835587489433643,0.294167371090448
JetBlue Airways,B6,2022,6,2050,752,30.35,25.322926829268294,12.705365853658536,0.713170731707317,7.840975609756097,10.76,0.3668292682926829
JetBlue Airways,B6,2022,7,2293,763,24.79,19.268207588312254,12.293938072394244,0.9646750981247274,4.541212385521152,8.626253815961622,0.3327518534670737
JetBlue Airways,B6,2022,8,2331,766,21.91,16.87816387816388,9.337194337194337,0.8271128271128271,5.271128271128271,8.55083655083655,0.3286143286143286
JetBlue Airways,B6,2022,9,2142,593,17.2,13.88422035480859,8.731559290382819,0.819327731092437,5.045284780578898,6.402427637721756,0.27684407096171804
JetBlue Airways,B6,2022,10,2303,593,14.32,11.82544507164568,7.8037342596613115,0.3860182370820669,4.396005210594876,5.411202778983934,0.25749023013460703
JetBlue Airways,B6,2022,11,2297,673,20.06,15.325642141924249,10.382237701349586,0.10753156290814106,3.144971702220287,8.733130169786678,0.2929908576404005
JetBlue Airways,B6,2022,12,2419,935,26.74,23.43571723852832,11.860686233980983,0.4344770566349731,4.385283174865647,11.484497726333196,0.3865233567589913
JetBlue Airways,B6,2023,1,2392,629,16.18,9.801839464882944,8.356605351170568,0.021321070234113712,4.323160535117057,6.924749163879599,0.2629598662207358
JetBlue Airways,B6,2023,2,2220,572,15.53,9.10135135135135,7.210360360360361,0.5486486486486486,3.5603603603603604,7.3297297297297295,0.25765765765765763
JetBlue Airways,B6,2023,3,2579,853,22.88,17.53043815432338,9.164404808065141,0.4284606436603335,4.281116711903839,10.81582008530438,0.33074835207444747
JetBlue Airways,B6,2023,4,2347,753,23.6,18.53685556028973,9.577332765232212,0.7925010651896037,4.766084363016617,10.433745206646783,0.32083510864933956
JetBlue Airways,B6,2023,5,2459,593,17.77,9.723871492476617,8.964619764131761,0.4920699471329809,2.142334282228548,7.997153314355429,0.24115494103294022
JetBlue Airways,B6,2023,6,2276,836,33.5,28.646748681898067,12.203866432337435,1.2728471001757469,6.475395430579965,15.76274165202109,0.36731107205623903
JetBlue Airways,B6,2023,7,2142,1001,46.49,43.358543417366946,16.336601307189543,2.4327731092436973,8.663865546218487,21.03174603174603,0.4673202614379085
JetBlue Airways,B6,2023,8,2291,814,28.87,23.198166739415104,12.729812309035356,0.4185945002182453,4.119598428633784,12.810999563509384,0.35530336097773896
Mesa Airlines Inc,YV,2019,1,1794,296,8.37,5.837235228539576,4.843924191750279,0.7335562987736901,2.112040133779264,4.615384615384615,0.16499442586399107
Mesa Airlines Inc,YV,2019,2,1545,307,11.87,11.286084142394822,5.73462783171521,1.4090614886731392,3.407766990291262,5.6058252427184465,0.19870550161812298
Mesa Airlines Inc,YV,2019,3,1909,297,10.63,8.132530120481928,5.993713986380304,1.031953902566789,1.7920377160817182,5.3719224724986905,0.15557883708748035
Mesa Airlines Inc,YV,2019,4,1768,285,8.85,6.263009049773756,3.5299773755656108,1.830316742081448,1.4423076923076923,6.0684389140271495,0.16119909502262444
Mesa Airlines Inc,YV,2019,5,1909,355,16.15,13.307490832896805,5.001047668936616,3.6605552645364066,2.9140911471974857,8.143530644316396,0.1859612362493452
Mesa Airlines Inc,YV,2019,6,1916,485,24.74,22.816283924843425,6.842901878914405,4.318371607515657,3.8997912317327765,12.914405010438413,0.2531315240083507
Mesa Airlines Inc,YV,2019,7,1944,395,15.48,12.292181069958847,6.2330246913580245,1.3266460905349795,3.086934156378601,7.838477366255144,0.20318930041152264
Mesa Airlines Inc,YV,2019,8,2042,453,17.38,13.474534769833497,6.7047012732615086,1.6508325171400589,2.8765915768854065,8.79480901077375,0.2218413320274241
Mesa Airlines Inc,YV,2019,9,1834,294,8.34,2.736641221374046,4.526172300981461,0.5752453653217012,1.3097055616139586,5.183751363140676,0.16030534351145037
Mesa Airlines Inc,YV,2019,10,2073,427,15.56,11.648818137964303,5.6541244573082485,1.0574047274481428,2.8586589483839844,9.239266763145201,0.20598166907863
Mesa Airlines Inc,YV,2019,11,1887,281,8.51,3.5892951775304716,4.859565447800742,0.20402755696873343,0.8341282458929518,6.005829358770535,0.1489136195018548
Mesa Airlines Inc,YV,2019,12,1893,454,20.29,16.182250396196512,8.546222926571579,0.8415213946117274,1.6603275224511358,11.578975171685157,0.2398309561542525
Mesa Airlines Inc,YV,2022,1,996,221,18.5,9.740963855421686,11.740963855421686,0.6184738955823293,2.3042168674698793,4.916666666666667,0.22188755020080322
Mesa Airlines Inc,YV,2022,2,932,200,16.07,9.141630901287554,8.67274678111588,1.0793991416309012,2.313304721030043,5.618025751072961,0.2145922746781116
Mesa Airlines Inc,YV,2022,3,912,155,10.08,3.406798245614035,5.405701754385965,1.400219298245614,2.3914473684210527,2.7664473684210527,0.1699561403508772
Mesa Airlines Inc,YV,2022,4,1033,144,9.09,2.664085188770571,5.438528557599225,0.7579864472410455,1.5043562439496612,4.0232333010648595,0.1393998063891578
Mesa Airlines Inc,YV,2022,5,1025,182,12.95,5.444878048780488,6.990243902439024,0.7580487804878049,2.168780487804878,4.951219512195122,0.1775609756097561
Mesa Airlines Inc,YV,2022,6,1005,229,23.0,17.048756218905474,13.692537313432835,0.9890547263681592,1.9701492537313432,7.5810945273631845,0.22786069651741295
Mesa Airlines Inc,YV,2022,7,942,200,16.17,9.48619957537155,7.773885350318471,1.1093418259023355,1.6019108280254777,7.549893842887474,0.21231422505307856
Mesa Airlines Inc,YV,2022,8,865,200,20.56,14.769942196531792,10.68092485549133,1.8127167630057803,2.967630057803468,7.652023121387283,0.23121387283236994
Mesa Airlines Inc,YV,2022,9,853,143,10.55,2.1629542790152403,6.05158264947245,0.7690504103165299,1.652989449003517,4.484173505275498,0.16764361078546308
Mesa Airlines Inc,YV,2022,10,885,137,8.58,2.752542372881356,5.8192090395480225,0.6372881355932203,1.840677966101695,3.623728813559322,0.15480225988700566
Mesa Airlines Inc,YV,2022,11,892,140,9.36,4.205156950672646,4.424887892376682,1.1345291479820627,2.3856502242152464,4.6423766816143495,0.15695067264573992
Mesa Airlines Inc,YV,2022,12,808,168,16.31,11.31559405940594,6.143564356435643,1.6806930693069306,1.9925742574257426,8.371287128712872,0.2079207920792079
PSA Airlines Inc,OH,2019,1,2273,345,6.75,1.9938407391113067,2.9480862296524415,0.3664760228772547,1.6893972723273207,4.319401671799384,0.1517817861856577
PSA Airlines Inc,OH,2019,2,2011,398,11.01,6.398806563898558,3.5808055693684735,0.8547986076578816,1.9985082048731975,6.787667826951766,0.1979114868224764
PSA Airlines Inc,OH,2019,3,2499,429,7.54,2.5650260104041616,3.0908363345338135,0.2929171668667467,1.3565426170468187,4.594237695078031,0.1716686674669868
PSA Airlines Inc,OH,2019,4,2383,527,14.83,11.242971044901385,4.245488879563576,1.5157364666386908,2.464960134284515,9.086865295845573,0.22114981116240034
PSA Airlines Inc,OH,2019,5,2455,396,8.82,5.642769857433809,2.3735234215885948,0.8435845213849287,2.4924643584521387,6.269246435845214,0.16130346232179227
PSA Airlines Inc,OH,2019,6,2452,569,14.68,12.06484502446982,4.109298531810767,1.302610114192496,3.279363784665579,8.837275693311582,0.23205546492659054
PSA Airlines Inc,OH,2019,7,2431,477,11.04,8.22953517071164,3.7527766351295764,1.1386260798025505,3.1760592348827643,6.640477169888935,0.19621554915672562
PSA Airlines Inc,OH,2019,8,2524,551,15.79,12.601426307448495,4.238906497622821,1.6759112519809827,3.0043581616481774,10.472662440570524,0.2183042789223455
PSA Airlines Inc,OH,2019,9,2309,304,5.35,0.29190125595495886,3.2732784755305326,0.24036379385015158,1.2880034647033347,4.628843655262018,0.13165872672152448
PSA Airlines Inc,OH,2019,10,2477,419,7.22,3.26806620912394,2.998788857488898,0.3451756156641098,1.4917238595074687,5.709729511505854,0.16915623738393218
PSA Airlines Inc,OH,2019,11,2460,450,8.47,3.4260162601626014,3.282520325203252,0.01056910569105691,1.2382113821138212,6.6865853658536585,0.18292682926829268
PSA Airlines Inc,OH,2019,12,2389,501,11.6,8.992046881540393,3.7383842611971536,0.30514859773964004,2.5671829217245707,8.316031812473838,0.20971117622436167
PSA Airlines Inc,OH,2022,1,1843,377,14.03,10.107433532284318,6.258274552360282,1.5122083559414,3.362452523060228,7.723277265328269,0.20455778621812262
PSA Airlines Inc,OH,2022,2,1900,405,12.18,7.975789473684211,4.523684210526316,0.31105263157894736,1.936842105263158,8.887368421052631,0.2131578947368421
PSA Airlines Inc,OH,2022,3,1971,366,11.4,7.8173515981735155,3.9660071029934043,0.5398274987316083,2.6818873668188736,8.159817351598173,0.1856925418569254
PSA Airlines Inc,OH,2022,4,1848,317,7.73,2.919372294372294,3.91504329004329,0.4107142857142857,1.475108225108225,5.205627705627705,0.17153679653679654
PSA Airlines Inc,OH,2022,5,1870,354,12.1,8.241176470588234,5.439037433155081,1.3732620320855615,2.211764705882353,6.46524064171123,0.1893048128342246
PSA Airlines Inc,OH,2022,6,1891,406,13.54,11.474352194606029,4.944473823373876,1.4653622421998942,3.452670544685352,7.7609730301427815,0.21470121628767846
PSA Airlines Inc,OH,2022,7,1874,382,12.26,11.63393810032017,4.5522945570971185,1.7193169690501602,3.7406616862326576,7.376200640341516,0.20384204909284953
PSA Airlines Inc,OH,2022,8,1750,320,9.92,7.255428571428571,3.1702857142857144,2.832,2.880571428571429,6.009714285714286,0.18285714285714286
PSA Airlines Inc,OH,2022,9,1680,169,0.84,-2.592857142857143,1.9220238095238096,0.11011904761904762,1.4333333333333333,2.9380952380952383,0.1005952380952381
PSA Airlines Inc,OH,2022,10,1632,162,2.13,-1.5906862745098038,2.4791666666666665,0.09252450980392157,1.2634803921568627,3.105392156862745,0.09926470588235294
PSA Airlines Inc,OH,2022,11,1503,203,6.97,3.932135728542914,4.367265469061876,0.3226879574184963,1.9108449767132403,5.497005988023952,0.13506320691949433
PSA Airlines Inc,OH,2022,12,1435,175,5.29,2.273170731707317,2.8599303135888503,1.4689895470383276,2.2780487804878047,3.832752613240418,0.12195121951219512
PSA Airlines Inc,OH,2023,1,1608,211,6.19,2.1747512437810945,3.0,1.6486318407960199,2.679726368159204,4.3283582089552235,0.13121890547263682
PSA Airlines Inc,OH,2023,2,1453,134,2.12,-2.8286304198210597,3.4053682037164488,0.6145905024088094,1.2918100481761872,2.5402615278733656,0.09222298692360634
PSA Airlines Inc,OH,2023,3,1705,226,5.55,2.1929618768328445,3.38475073313783,0.8674486803519061,1.6035190615835777,4.340762463343109,0.13255131964809383
PSA Airlines Inc,OH,2023,4,1626,223,5.86,2.88929889298893,2.9649446494464944,0.8560885608856088,2.5055350553505535,5.1722017220172205,0.13714637146371464
PSA Airlines Inc,OH,2023,5,1561,161,2.86,-2.2549647661755285,2.764253683536195,0.3452914798206278,0.9705317104420244,3.6976297245355543,0.1031390134529148
PSA Airlines Inc,OH,2023,6,1645,368,13.82,11.775683890577508,5.6534954407294835,1.1537993920972645,3.065045592705167,8.179331306990882,0.2237082066869301
PSA Airlines Inc,OH,2023,7,1664,410,18.67,16.518028846153847,6.147836538461538,3.21875,3.765625,10.331129807692308,0.24639423076923078
PSA Airlines Inc,OH,2023,8,1635,306,11.42,7.48440366972477,3.9871559633027522,2.36697247706422,2.874006116207951,6.992048929663609,0.1871559633027523
Republic Airline,YX,2019,1,2471,468,11.31,8.696883852691219,4.164305949008498,0.6556050182112505,6.554836098745447,5.7507082152974505,0.18939700526102793
Republic Airline,YX,2019,2,2385,377,7.23,3.7169811320754715,2.5740041928721173,0.8251572327044026,4.131656184486373,4.807966457023061,0.1580712788259958
Republic Airline,YX,2019,3,2675,376,5.46,1.2239252336448598,2.549158878504673,0.5794392523364486,3.3342056074766355,3.467663551401869,0.1405607476635514
Republic Airline,YX,2019,4,2708,466,9.01,5.151403249630723,3.204579025110783,0.6923929098966026,4.449778434268833,5.2743722304283605,0.17208271787296897
Republic Airline,YX,2019,5,2807,439,9.24,5.543997149982188,2.460634128963306,1.2500890630566441,5.68186676166726,4.772711079444247,0.15639472746704666
Republic Airline,YX,2019,6,2748,582,15.17,12.68486171761281,4.203784570596798,1.0655021834061136,7.277292576419214,7.327510917030568,0.21179039301310043
Republic Airline,YX,2019,7,2712,436,9.59,6.217182890855457,3.4491150442477876,1.5309734513274336,4.964601769911504,4.827433628318584,0.1607669616519174
Republic Airline,YX,2019,8,2849,574,12.07,9.366444366444366,3.1217971217971217,0.508950508950509,6.6072306072306075,7.168129168129168,0.20147420147420148
Republic Airline,YX,2019,9,2808,316,2.71,-2.28988603988604,1.586894586894587,0.2482193732193732,3.480769230769231,2.882122507122507,0.11253561253561253
Republic Airline,YX,2019,10,2967,461,6.18,2.3367037411526796,1.8004718570947085,0.224469160768453,4.726322885069093,4.384563532187395,0.1553758004718571
Republic Airline,YX,2019,11,2759,317,2.89,-2.5512866980790143,1.6679956505980427,0.4215295396882929,3.226893802102211,2.558898151504168,0.11489670170351576
Republic Airline,YX,2019,12,2874,541,10.66,6.592205984690327,2.4457202505219207,0.4693806541405706,6.041057759220599,6.251565762004176,0.18823938761308281
Republic Airline,YX,2022,1,2531,457,8.11,4.685894903200316,4.743579612801264,0.40142236270248915,3.6230738838403793,4.959304622678783,0.18056104306598184
Republic Airline,YX,2022,2,2328,417,9.39,5.548539518900344,3.9768041237113403,0.33591065292096217,5.039089347079038,5.663659793814433,0.1791237113402062
Republic Airline,YX,2022,3,2972,519,9.85,6.952557200538358,4.837146702557201,0.5501345895020189,4.425302826379542,5.1258411843876175,0.1746298788694482
Republic Airline,YX,2022,4,3013,507,7.59,3.763690673747096,3.7663458347162297,0.23464985064719548,2.9392631928310653,4.793893129770993,0.16827082641885163
Republic Airline,YX,2022,5,2947,705,15.13,11.878520529351883,5.869358669833729,0.8042076688157448,4.334238208347472,8.574821852731592,0.23922633186291142
Republic Airline,YX,2022,6,2573,516,13.21,9.972794403420131,5.870579090555771,0.8445394481150408,4.593082005441119,6.500194325689856,0.20054411193159735
Republic Airline,YX,2022,7,2587,466,11.09,7.287978353304987,4.198299188248937,1.117510630073444,4.266718206416699,6.579049091611906,0.18013142636258214
Republic Airline,YX,2022,8,2481,439,9.12,5.1451027811366385,4.453849254332931,1.5328496573962112,4.020959290608626,4.091495364772269,0.1769447803305119
Republic Airline,YX,2022,9,2477,233,1.55,-2.935405732741219,1.9604360113039967,0.2091239402503028,2.3233750504642714,2.5765038352846186,0.09406540169559952
Republic Airline,YX,2022,10,2419,281,3.36,-0.7602315006200909,1.7453493178999586,0.3257544439851178,3.264985531211244,3.4080198429102935,0.11616370400992146
Republic Airline,YX,2022,11,2270,272,4.03,-0.5162995594713656,2.0295154185022026,0.9854625550660793,3.392511013215859,3.0933920704845814,0.1198237885462555
Republic Airline,YX,2022,12,2086,292,5.51,0.4228187919463087,3.045541706615532,0.548418024928092,4.135186960690317,2.9573346116970276,0.13998082454458294
Republic Airline,YX,2023,1,2506,338,4.4,-1.0526735833998404,2.1508379888268156,0.6703910614525139,4.81245011971269,2.997605746209098,0.13487629688747008
Republic Airline,YX,2023,2,2364,263,2.81,-3.467005076142132,1.742808798646362,0.9767343485617598,2.7728426395939088,3.0816412859560067,0.11125211505922165
Republic Airline,YX,2023,3,2791,306,2.66,-1.1841633823002509,2.857040487280545,0.26764600501612323,2.6847008240773915,2.452525976352562,0.10963812253672518
Republic Airline,YX,2023,4,2688,367,7.54,1.0829613095238095,3.0476190476190474,0.8954613095238095,3.5610119047619047,5.075148809523809,0.13653273809523808
Republic Airline,YX,2023,5,2666,165,-1.34,-10.62828207051763,1.195423855963991,0.061890472618154536,0.8754688672168042,1.542760690172543,0.061890472618154536
Republic Airline,YX,2023,6,2312,336,6.68,1.9156574394463668,2.6825259515570936,1.1397058823529411,4.875865051903114,3.3693771626297577,0.1453287197231834
Republic Airline,YX,2023,7,2243,416,14.86,12.15514935354436,5.6156932679447165,1.5198395006687473,7.403477485510477,6.333927775300936,0.1854658938921088
Republic Airline,YX,2023,8,2404,242,2.26,-4.89351081530782,1.6430948419301166,0.7770382695507487,2.694675540765391,2.4405158069883526,0.10066555740432612
SkyWest Airlines Inc,OO,2019,1,6301,1278,14.97,10.504681796540233,6.359308046341851,2.1336295826059355,3.751626725916521,7.105538803364546,0.20282494842088558
SkyWest Airlines Inc,OO,2019,2,5634,1308,20.52,17.282747603833865,7.969471068512602,3.231984380546681,4.836528221512247,8.726127085552006,0.2321618743343983
SkyWest Airlines Inc,OO,2019,3,6968,1210,11.98,6.942020665901263,6.760476463834673,1.1469575200918485,2.6092135476463834,5.072043628013777,0.17365097588978187
SkyWest Airlines Inc,OO,2019,4,6801,1011,8.3,3.20967504778709,4.770180855756506,0.9486840170563152,2.2126157917953244,4.4625790324952215,0.14865460961623292
SkyWest Airlines Inc,OO,2019,5,7208,1149,9.91,4.939234184239734,4.7330743618202,0.8543285238623751,2.663429522752497,5.301609322974473,0.15940621531631521
SkyWest Airlines Inc,OO,2019,6,7196,1460,15.83,11.913007226236799,7.252084491384102,1.1863535297387438,3.6953863257365205,6.991384102279044,0.2028904947192885
SkyWest Airlines Inc,OO,2019,7,7495,1333,11.83,7.350767178118746,4.457371581054036,1.3218145430286858,3.1753168779186125,6.22628418945964,0.1778519012675117
SkyWest Airlines Inc,OO,2019,8,7619,1296,10.5,5.413965087281795,4.7718860742879645,0.6288226801417509,2.7949862186638668,5.420133875836724,0.17010106313164458
SkyWest Airlines Inc,OO,2019,9,6816,901,8.0,1.8905516431924883,3.809712441314554,0.5617664319248826,2.6638791079812205,4.109008215962441,0.13218896713615025
SkyWest Airlines Inc,OO,2019,10,7279,1061,8.86,2.7953015524110456,4.283967577964006,0.8495672482483858,1.8888583596647892,4.795713696936392,0.1457617804643495
SkyWest Airlines Inc,OO,2019,11,6862,940,8.64,1.7548819586126494,3.538909938793355,1.66146895948703,2.4334013407169923,4.372486155639755,0.136986301369863
SkyWest Airlines Inc,OO,2019,12,7087,1405,16.3,8.176661492874278,6.9688161422322565,1.5452236489346691,2.5652603358261605,7.00042331028644,0.19825031748271482
SkyWest Airlines Inc,OO,2022,1,5938,1182,13.99,7.11485348602223,11.26524082182553,2.1236106433142474,0.17446951835634894,3.0168406871000335,0.19905692152239812
SkyWest Airlines Inc,OO,2022,2,5355,965,12.94,6.536321195144724,8.292063492063493,3.0870214752567695,0.4227824463118581,3.9686274509803923,0.18020541549953314
SkyWest Airlines Inc,OO,2022,3,6160,911,10.03,4.5456168831168835,7.899675324675325,1.5016233766233766,0.16201298701298703,3.493668831168831,0.14788961038961038
SkyWest Airlines Inc,OO,2022,4,6433,896,9.64,5.386755790455464,8.27032488729986,1.4738069330017098,0.4593502254002798,2.9897404010570496,0.13928182807399347
SkyWest Airlines Inc,OO,2022,5,6805,1016,10.44,5.506392358559882,8.115062454077885,1.2417340191036004,0.2636296840558413,3.807935341660544,0.14930198383541513
SkyWest Airlines Inc,OO,2022,6,6842,1160,12.7,8.198918444899153,11.431452791581409,0.9225372698041509,0.41435252850043847,2.7822274188833673,0.16954106986261328
SkyWest Airlines Inc,OO,2022,7,6600,1029,10.55,5.711969696969697,8.418787878787878,1.386969696969697,0.8701515151515151,2.756969696969697,0.1559090909090909
SkyWest Airlines Inc,OO,2022,8,6413,993,9.75,4.917043505379698,7.864338063308904,1.5984718540464682,0.693279276469671,2.7168251988149072,0.15484172774052704
SkyWest Airlines Inc,OO,2022,9,6257,773,6.31,1.0698417772095252,6.6904267220712805,0.7915934153747802,0.28575994885727984,1.8941984976825954,0.1235416333706249
SkyWest Airlines Inc,OO,2022,10,6202,635,4.71,-0.8131247984521123,4.7112221863914865,1.5927120283779426,0.33876168977749116,1.4490486939696872,0.10238632699129313
SkyWest Airlines Inc,OO,2022,11,5687,795,7.78,3.7139089150694566,6.969931422542641,1.8429752066115703,0.24723052576050641,2.371549147177774,0.1397925092315808
SkyWest Airlines Inc,OO,2022,12,5091,1085,17.22,14.050088391278727,10.086034177961109,5.025142408171282,0.7845217049695541,4.571204085641328,0.21312119426438814
SkyWest Airlines Inc,OO,2023,1,4900,944,13.82,11.45061224489796,8.071836734693878,4.019183673469388,1.0275510204081633,5.069183673469388,0.1926530612244898
SkyWest Airlines Inc,OO,2023,2,4995,799,9.75,4.977977977977978,7.293693693693694,2.731931931931932,0.434034034034034,2.8940940940940942,0.15995995995995996
SkyWest Airlines Inc,OO,2023,3,5706,909,9.83,7.426218016123379,7.524009814230634,2.3874868559411144,0.7956536978618998,3.3298282509638977,0.15930599369085174
SkyWest Airlines Inc,OO,2023,4,5637,720,7.28,3.134468689018982,6.710129501507894,1.72645023948909,0.667731062621962,1.9536987759446514,0.12772751463544438
SkyWest Airlines Inc,OO,2023,5,5796,693,6.11,1.3826777087646653,5.786231884057971,1.0860938578329882,0.8352311939268461,2.2888198757763973,0.11956521739130435
SkyWest Airlines Inc,OO,2023,6,5686,834,9.17,5.539570875835385,7.185543440028139,1.9468870911009497,1.0742173760112557,2.5235666549419626,0.14667604642982765
SkyWest Airlines Inc,OO,2023,7,5708,948,11.87,7.739313244569026,8.26436580238262,1.9693412754029433,0.9050455501051157,4.014891380518571,0.16608269096005607
SkyWest Airlines Inc,OO,2023,8,5852,767,7.87,3.966678058783322,7.3462064251537935,1.1442241968557758,0.7421394395078605,2.657723855092276,0.1310663021189337
Southwest Airlines Co,WN,2019,1,10864,1934,7.31,-0.555320324005891,2.277245949926362,0.11947717231222386,1.422680412371134,3.2006627393225333,0.17801914580265096
Southwest Airlines Co,WN,2019,2,9733,2543,14.23,7.127401623343265,4.367615329292099,0.33905270728449605,1.8994143635055996,6.118565704304942,0.2612760710983253
Southwest Airlines Co,WN,2019,3,11756,2342,9.76,1.7364749914937054,3.2175059544062607,0.09705682204831576,1.0892310309629125,3.8698536917318815,0.1992174208914597
Southwest Airlines Co,WN,2019,4,11274,2408,10.82,3.1114067766542486,3.403228667731063,0.18422919992904027,1.3662409082845486,4.496274614156466,0.21358878836260423
Southwest Airlines Co,WN,2019,5,11504,2832,13.02,6.0944019471488176,3.4629694019471486,0.3889082058414465,1.825278164116829,5.975921418636996,0.24617524339360222
Southwest Airlines Co,WN,2019,6,11528,2944,13.6,7.451249132546843,3.7031575294934074,0.5352185981956974,2.2212005551700207,5.877602359472588,0.25537820957668284
Southwest Airlines Co,WN,2019,7,12015,2570,11.28,4.06982937994174,3.3914273824386183,0.4624219725343321,1.7801914273824386,4.636287973366625,0.21389929255097795
Southwest Airlines Co,WN,2019,8,11631,2263,9.55,2.5099303585246324,2.781704066718253,0.4604075315965953,1.809388702605107,3.958902931820136,0.19456624537872927
Southwest Airlines Co,WN,2019,9,11126,1369,5.14,-3.2008808197015997,1.7833902570555455,0.19261190005392773,1.0939241416501888,2.051680747797951,0.12304511953981664
Southwest Airlines Co,WN,2019,10,11598,2032,8.03,0.06975340575961372,2.3930850146576996,0.16304535264700812,1.319882738403173,3.1858078979134334,0.17520262114157614
Southwest Airlines Co,WN,2019,11,11004,1922,7.55,-1.2014721919302072,2.385859687386405,0.05352599054889131,0.955107233733188,3.1359505634314795,0.17466375863322428
Southwest Airlines Co,WN,2019,12,11694,3096,12.82,4.922438857533778,3.5064135454079013,0.0961176671797503,1.5672139558748075,5.241491363092184,0.26475115443817343
Southwest Airlines Co,WN,2022,1,9374,2102,11.1,2.127373586515895,4.133560913164071,0.2780029869852784,1.4267121826328142,4.824301258800939,0.22423725197354386
Southwest Airlines Co,WN,2022,2,8902,2061,10.01,-0.1911929903392496,3.6450235902044485,0.065041563693552,1.1460345989665244,3.4251853516063804,0.2315210065153898
Southwest Airlines Co,WN,2022,3,10428,3296,15.95,8.556962025316455,4.7683160721135405,0.1689681626390487,2.1223628691983123,6.919831223628692,0.316072113540468
Southwest Airlines Co,WN,2022,4,10399,3480,17.03,11.142898355611116,5.121742475238004,0.2003077218963362,2.2186748725839025,7.557938263294548,0.33464756226560244
Southwest Airlines Co,WN,2022,5,10880,2977,12.55,5.552389705882353,3.5660845588235293,0.2811580882352941,1.5942095588235294,5.025735294117647,0.27362132352941176
Southwest Airlines Co,WN,2022,6,11106,3644,15.98,9.624617323969026,4.794255357464434,0.3188366648658383,1.757428417071853,6.53682694039258,0.328110931028273
Southwest Airlines Co,WN,2022,7,11993,4110,19.07,12.733010923038439,5.26932377220045,0.5065454848661719,1.913616276161094,8.884099057783708,0.3426999082798299
Southwest Airlines Co,WN,2022,8,11735,4145,19.12,12.685726459309757,5.211077971878995,0.45129953131657435,1.8607584149978695,8.926714955262037,0.3532168726033234
Southwest Airlines Co,WN,2022,9,11282,2949,12.33,4.45896117709626,3.414642793830881,0.23878744903385923,1.3955858890267683,5.167789399042723,0.2613898244992023
Southwest Airlines Co,WN,2022,10,11832,2807,10.41,2.758451656524679,2.9813218390804597,0.16100405679513186,1.126183231913455,3.93526031102096,0.23723799864773495
Southwest Airlines Co,WN,2022,11,11193,2603,9.59,1.656303046546949,2.8080943446797106,0.08541052443491468,1.115697310819262,3.7401947645850084,0.2325560618243545
Southwest Airlines Co,WN,2022,12,10163,3269,19.63,13.37006789333858,6.743186067106169,0.3110302076158615,2.0220407360031487,8.812752140116107,0.321656991045951
Southwest Airlines Co,WN,2023,1,11376,2533,11.82,4.727408579465542,3.479606188466948,0.2819971870604782,1.7936884669479607,5.853815049226442,0.22266174402250352
Southwest Airlines Co,WN,2023,2,10105,1916,7.68,-0.12182088075210291,2.2896585848589806,0.10628401781296389,1.3999010390895597,3.4292924294903515,0.18960910440376053
Southwest Airlines Co,WN,2023,3,11812,3083,12.37,7.3022350152387405,2.8763968845242127,0.16931933626820184,2.4523366068405013,6.236031154757874,0.2610057568574331
Southwest Airlines Co,WN,2023,4,11760,3345,14.15,8.995238095238095,3.3323979591836737,0.28188775510204084,2.2943027210884352,7.125850340136054,0.2844387755102041
Southwest Airlines Co,WN,2023,5,12476,2862,10.22,4.1304905418403335,2.665437640269317,0.19252965694132734,1.7323661429945496,4.6865181147803785,0.22940044886181468
Southwest Airlines Co,WN,2023,6,11880,3845,16.75,12.37979797979798,3.637962962962963,0.471969696969697,2.6465488215488215,8.749326599326599,0.32365319865319864
Southwest Airlines Co,WN,2023,7,12690,4329,18.67,14.317809298660363,4.419542947202522,0.6273443656422379,2.7838455476753348,9.485657998423957,0.34113475177304964
Southwest Airlines Co,WN,2023,8,12621,3276,11.41,6.575231756596149,3.055383884002852,0.3143966405197686,1.9352666191268522,5.228666508200618,0.259567387687188
Spirit Air Lines,NK,2019,1,1510,256,9.47,4.813245033112583,3.358278145695364,1.0344370860927152,5.581456953642384,3.513245033112583,0.1695364238410596
Spirit Air Lines,NK,2019,2,1359,279,13.77,8.805003679175865,3.589403973509934,1.3414275202354673,7.308314937454011,4.777041942604857,0.2052980132450331
Spirit Air Lines,NK,2019,3,1672,232,6.83,-0.13217703349282298,3.152511961722488,0.361244019138756,3.0334928229665072,2.520334928229665,0.13875598086124402
Spirit Air Lines,NK,2019,4,1609,287,9.92,2.5245494095711623,3.0919825978868865,0.5170913610938471,4.953387197016781,3.420758234928527,0.1783716594157862
Spirit Air Lines,NK,2019,5,1814,385,12.83,7.835170893054024,3.4013230429988974,0.3467475192943771,7.037486218302095,4.155457552370452,0.21223814773980154
Spirit Air Lines,NK,2019,6,1850,488,16.49,12.975135135135135,2.3367567567567566,0.745945945945946,8.371891891891892,7.578378378378378,0.2637837837837838
Spirit Air Lines,NK,2019,7,1876,457,15.62,9.996268656716419,2.6668443496801704,1.2787846481876333,7.8294243070362475,5.59275053304904,0.24360341151385928
Spirit Air Lines,NK,2019,8,1872,481,19.4,15.286324786324787,5.530448717948718,0.6095085470085471,8.91025641025641,5.919871794871795,0.2569444444444444
Spirit Air Lines,NK,2019,9,1603,194,4.5,-3.919525888958203,2.0923268870867124,0.37554585152838427,2.458515283842795,2.087336244541485,0.12102308172177167
Spirit Air Lines,NK,2019,10,1707,252,6.56,0.14235500878734622,2.1165787932044524,0.12360867018160515,4.806092560046866,2.1282952548330405,0.14762741652021089
Spirit Air Lines,NK,2019,11,1806,212,3.5,-2.4662236987818384,1.7508305647840532,0.033776301218161685,2.8073089700996676,1.5991140642303432,0.11738648947951273
Spirit Air Lines,NK,2019,12,1815,314,9.51,3.3382920110192837,1.940495867768595,0.4071625344352617,6.013774104683195,3.2666666666666666,0.17300275482093663
Spirit Air Lines,NK,2022,1,1659,317,11.29,8.125979505726342,4.613622664255575,0.5997588908981314,5.169379144062688,4.522603978300181,0.19107896323086196
Spirit Air Lines,NK,2022,2,1688,441,15.93,13.432464454976303,6.7197867298578196,0.15462085308056872,6.455568720379147,5.241706161137441,0.2612559241706161
Spirit Air Lines,NK,2022,3,1934,518,18.25,17.25232678386763,5.372802481902792,0.5837642192347466,8.878490175801447,6.486039296794209,0.2678386763185109
Spirit Air Lines,NK,2022,4,1677,544,23.87,22.361359570661897,8.163387000596304,1.56768038163387,9.388789505068575,7.208706022659511,0.32438878950506855
Spirit Air Lines,NK,2022,5,1873,534,16.34,14.325146823278164,5.819006940736786,1.2915109450080084,6.333155365723439,5.110517885744795,0.28510411105178857
Spirit Air Lines,NK,2022,6,1819,449,13.8,7.6388125343595386,4.344694887300714,0.6151731720725674,5.984606926882902,3.9840571742715776,0.2468389224848818
Spirit Air Lines,NK,2022,7,1962,384,11.25,4.262487257900102,3.074413863404689,0.7329255861365953,5.382772680937818,3.945973496432212,0.19571865443425077
Spirit Air Lines,NK,2022,8,2004,354,10.59,3.696107784431138,2.2045908183632736,1.4650698602794412,5.144710578842315,3.7864271457085827,0.17664670658682635
Spirit Air Lines,NK,2022,9,2025,357,8.26,3.268641975308642,2.863703703703704,0.4054320987654321,4.577283950617284,3.3471604938271606,0.17629629629629628
Spirit Air Lines,NK,2022,10,2137,394,8.98,2.7234440804866638,3.506317267197005,0.5109967243799719,3.4234908750584934,3.299017313991577,0.18437061300889096
Spirit Air Lines,NK,2022,11,2116,505,13.6,10.089792060491494,4.896975425330813,0.21833648393194707,5.039224952741021,5.2240075614366726,0.2386578449905482
Spirit Air Lines,NK,2022,12,1961,561,19.85,16.5910249872514,7.7302396736359,0.88883222845487,6.3850076491585925,6.5991840897501275,0.2860785313615502
Spirit Air Lines,NK,2023,1,2214,653,20.44,15.53613369467028,7.533423667570009,1.1594399277326106,8.172990063233966,4.844625112917796,0.29494128274616077
Spirit Air Lines,NK,2023,2,2001,475,16.49,11.015492253873063,5.48375812093953,0.3983008495752124,6.856071964017991,5.214892553723138,0.23738130934532733
Spirit Air Lines,NK,2023,3,2245,772,25.04,21.948775055679288,7.566146993318486,0.8948775055679288,11.061915367483296,6.383073496659243,0.3438752783964365
Spirit Air Lines,NK,2023,4,2212,808,24.71,22.316907775768534,7.255877034358047,0.9000904159132007,11.16998191681736,7.0284810126582276,0.36528028933092227
Spirit Air Lines,NK,2023,5,2262,539,12.91,8.827144120247569,4.3289124668435015,0.36693191865605657,5.896109637488948,4.295755968169761,0.2382847038019452
Spirit Air Lines,NK,2023,6,2045,780,29.76,27.798533007334964,9.418581907090465,2.0381418092909533,11.188264058679707,9.368704156479218,0.38141809290953543
Spirit Air Lines,NK,2023,7,2035,776,28.87,26.623095823095824,8.492874692874693,2.6766584766584764,11.965110565110566,7.783783783783784,0.38132678132678133
Spirit Air Lines,NK,2023,8,2183,721,23.32,19.331195602382042,7.261108566193312,1.086120018323408,9.31882730187815,7.027027027027027,0.3302794319743472
United Air Lines Inc,UA,2019,1,4619,798,13.07,7.874431695172115,3.429097207187703,1.0216497077289457,6.984412210435159,5.25893050443819,0.17276466767698637
United Air Lines Inc,UA,2019,2,4464,831,12.37,8.27576164874552,3.0864695340501793,1.1218637992831542,5.754256272401434,6.249103942652329,0.18615591397849462
United Air Lines Inc,UA,2019,3,5323,967,11.17,5.943077212098441,3.6421191057674243,0.4027803869998121,3.720834116099944,6.184670298703739,0.1816644749201578
United Air Lines Inc,UA,2019,4,5140,953,11.32,6.226459143968872,3.4414396887159535,0.7167315175097276,4.006225680933852,6.102334630350194,0.18540856031128405
United Air Lines Inc,UA,2019,5,5367,1126,14.59,10.900130426681573,3.7980249673933297,1.5766722563815911,5.7108254145705235,7.127259176448668,0.2098006335010248
United Air Lines Inc,UA,2019,6,5479,1456,18.99,16.023726957473993,4.173571819675123,1.4168643913122834,6.88684066435481,9.564154042708523,0.265741923708706
United Air Lines Inc,UA,2019,7,5536,1245,18.24,13.665101156069364,4.025650289017341,2.3703034682080926,5.231755780346821,9.401192196531792,0.2248916184971098
United Air Lines Inc,UA,2019,8,5707,1243,14.5,9.88960925179604,3.7522340984755562,1.2037848256527073,4.432626598913615,7.882775538811985,0.21780269844051164
United Air Lines Inc,UA,2019,9,5162,875,9.21,3.856644711352189,2.4416892677256876,0.6697016660209221,4.966485858194498,4.97520340953119,0.16950794265788455
United Air Lines Inc,UA,2019,10,5716,841,7.01,1.9676347095871238,2.600769769069279,0.1913925822253324,3.708362491252624,4.340447865640308,0.14713086074177747
United Air Lines Inc,UA,2019,11,5063,657,5.65,0.2607149911119889,2.546908947264468,0.26525775232075843,2.9217855026664035,3.648824807426427,0.1297649614852854
United Air Lines Inc,UA,2019,12,5254,980,11.12,6.368100494861058,2.598401218119528,0.5030452988199468,4.763799010277883,5.971259992386753,0.18652455272173582
United Air Lines Inc,UA,2022,1,4450,993,13.45,5.084269662921348,6.560224719101123,0.6002247191011236,2.0624719101123596,5.1083146067415734,0.22314606741573034
United Air Lines Inc,UA,2022,2,4338,866,10.93,2.8704472106961734,4.985246657445828,0.28169663439372983,2.4098662978331027,4.10027662517289,0.1996311664361457
United Air Lines Inc,UA,2022,3,5244,1143,12.6,5.297673531655225,3.905225019069413,0.6334858886346301,2.694317315026697,6.054347826086956,0.21796338672768878
United Air Lines Inc,UA,2022,4,4907,1006,12.85,6.196454045241492,5.019156307316079,0.5449358059914408,2.95272060321989,5.345221112696148,0.20501324638271856
United Air Lines Inc,UA,2022,5,5326,1103,14.98,9.289147577919639,5.729440480660909,0.9570033796470147,3.499436725497559,6.2234322193015394,0.2070972587307548
United Air Lines Inc,UA,2022,6,5225,1196,16.13,9.519234449760766,5.4407655502392345,1.1701435406698564,2.963827751196172,7.166315789473685,0.2288995215311005
United Air Lines Inc,UA,2022,7,5658,1212,14.25,6.668434075645104,5.041534110993283,0.6749734888653235,2.63768115942029,6.789678331565924,0.2142099681866384
United Air Lines Inc,UA,2022,8,5514,1143,14.64,7.258251722887196,4.8213638012332245,1.075988393180994,3.309031556039173,6.640914036996736,0.20729053318824808
United Air Lines Inc,UA,2022,9,5211,628,4.45,-3.3135674534638264,2.16254077912109,0.5720591057378622,1.7570523891767416,2.603530992132028,0.12051429668009979
United Air Lines Inc,UA,2022,10,5723,695,5.35,-1.6688799580639524,2.9528219465315395,0.08963830159007513,1.876987593919273,2.9758867726716756,0.12143980429844488
United Air Lines Inc,UA,2022,11,5515,877,7.61,0.36863100634632817,3.0339075249320038,0.23300090661831369,2.2221214868540344,4.05675430643699,0.15902085222121487
United Air Lines Inc,UA,2022,12,5867,1601,21.58,15.799386398500085,7.68194988921084,1.0076700187489347,3.4097494460542013,10.230611897051304,0.2728822226009886
United Air Lines Inc,UA,2023,1,5624,1233,13.04,7.69701280227596,4.644025604551921,0.468172119487909,3.8901137980085347,6.327880512091038,0.21923897581792318
United Air Lines Inc,UA,2023,2,5337,996,10.08,5.05639872587596,4.647180063706202,0.3822372119168072,3.2572606333145964,4.705452501405284,0.18662169758291175
United Air Lines Inc,UA,2023,3,6238,1310,12.11,7.849951907662712,4.483327989740301,0.20791920487335686,3.7572940044886183,5.98348829753126,0.21000320615581916
United Air Lines Inc,UA,2023,4,5828,1317,16.05,11.096259437199725,6.306966369251888,0.5998627316403569,3.8735415236787922,7.533459162663006,0.22597803706245712
United Air Lines Inc,UA,2023,5,6398,1381,12.97,6.36667708658956,4.836667708658956,0.611284776492654,2.9562363238512037,6.338074398249453,0.21584870271959988
United Air Lines Inc,UA,2023,6,5848,1734,25.3,20.109439124487004,9.709986320109438,1.0176128590971272,4.827120383036935,10.692715458276334,0.29651162790697677
United Air Lines Inc,UA,2023,7,6381,2120,26.86,21.436295251527973,8.868359191349318,1.7953298855978688,4.82698636577339,11.786710546936217,0.33223632659457764
United Air Lines Inc,UA,2023,8,6714,1315,10.65,3.796097706285374,4.1054512957998215,0.5218945487042002,2.534703604408698,5.335269585939828,0.1958593982722669
